<?xml version="1.0" encoding="UTF-8"?>
<root>
  <item name="com.github.johnkil.print.IPrint void setIconCodeRes(int) 0">
    <annotation name="android.support.annotation.IntegerRes" />
  </item>
  <item name="com.github.johnkil.print.IPrint void setIconColorRes(int) 0">
    <annotation name="android.support.annotation.ColorRes" />
  </item>
  <item name="com.github.johnkil.print.IPrint void setIconSizeRes(int) 0">
    <annotation name="android.support.annotation.DimenRes" />
  </item>
  <item name="com.github.johnkil.print.IPrint void setIconTextRes(int) 0">
    <annotation name="android.support.annotation.StringRes" />
  </item>
  <item name="com.github.johnkil.print.PrintButton void setIconCodeRes(int) 0">
    <annotation name="android.support.annotation.IntegerRes" />
  </item>
  <item name="com.github.johnkil.print.PrintButton void setIconColorRes(int) 0">
    <annotation name="android.support.annotation.ColorRes" />
  </item>
  <item name="com.github.johnkil.print.PrintButton void setIconSizeRes(int) 0">
    <annotation name="android.support.annotation.DimenRes" />
  </item>
  <item name="com.github.johnkil.print.PrintButton void setIconTextRes(int) 0">
    <annotation name="android.support.annotation.StringRes" />
  </item>
  <item name="com.github.johnkil.print.PrintDrawable void setIconCodeRes(int) 0">
    <annotation name="android.support.annotation.IntegerRes" />
  </item>
  <item name="com.github.johnkil.print.PrintDrawable void setIconColorRes(int) 0">
    <annotation name="android.support.annotation.ColorRes" />
  </item>
  <item name="com.github.johnkil.print.PrintDrawable void setIconSizeRes(int) 0">
    <annotation name="android.support.annotation.DimenRes" />
  </item>
  <item name="com.github.johnkil.print.PrintDrawable void setIconTextRes(int) 0">
    <annotation name="android.support.annotation.StringRes" />
  </item>
  <item name="com.github.johnkil.print.PrintDrawable.Builder com.github.johnkil.print.PrintDrawable.Builder iconCodeRes(int) 0">
    <annotation name="android.support.annotation.IntegerRes" />
  </item>
  <item name="com.github.johnkil.print.PrintDrawable.Builder com.github.johnkil.print.PrintDrawable.Builder iconColorRes(int) 0">
    <annotation name="android.support.annotation.ColorRes" />
  </item>
  <item name="com.github.johnkil.print.PrintDrawable.Builder com.github.johnkil.print.PrintDrawable.Builder iconSizeRes(int) 0">
    <annotation name="android.support.annotation.DimenRes" />
  </item>
  <item name="com.github.johnkil.print.PrintDrawable.Builder com.github.johnkil.print.PrintDrawable.Builder iconTextRes(int) 0">
    <annotation name="android.support.annotation.StringRes" />
  </item>
  <item name="com.github.johnkil.print.PrintView void setIconCodeRes(int) 0">
    <annotation name="android.support.annotation.IntegerRes" />
  </item>
  <item name="com.github.johnkil.print.PrintView void setIconColorRes(int) 0">
    <annotation name="android.support.annotation.ColorRes" />
  </item>
  <item name="com.github.johnkil.print.PrintView void setIconSizeRes(int) 0">
    <annotation name="android.support.annotation.DimenRes" />
  </item>
  <item name="com.github.johnkil.print.PrintView void setIconTextRes(int) 0">
    <annotation name="android.support.annotation.StringRes" />
  </item>
</root>

